problem	theme_or_cluster	reason
24-game	CLUSTER-synth	failed to synthesize instance of type class
abbreviating-the-product-of-a-range	T10-misc-quickwins	overloaded, errors
add-bold-tag-in-string	CLUSTER-appmismatch	Application type mismatch: The argument
add-one-row-to-tree	CLUSTER-synth	typeclass instance problem is stuck
add-two-numbers	CLUSTER-flow	invalid reassignment, value has type
airplane-seat-assignment-probability	CLUSTER-appmismatch	Application type mismatch: The argument
alert-using-same-key-card-three-or-more-times-in-a-one-hour-period	CLUSTER-synth	failed to synthesize instance of type class
all-ancestors-of-a-node-in-a-directed-acyclic-graph	CLUSTER-flow	Invalid match expression: The type of pattern variable 'ans' contains metavariables:
allocate-mailboxes	CLUSTER-synth	failed to synthesize instance of type class
amount-of-new-area-painted-each-day	CLUSTER-flow	Type mismatch
amount-of-time-for-binary-tree-to-be-infected	CLUSTER-synth	typeclass instance problem is stuck
analyze-user-website-visit-pattern	CLUSTER-synth	failed to synthesize instance of type class
android-unlock-patterns	CLUSTER-appmismatch	Application type mismatch: The argument
apply-operations-to-make-string-empty	CLUSTER-synth	failed to synthesize instance of type class
apply-operations-to-make-two-strings-equal	CLUSTER-appmismatch	Application type mismatch: The argument
arithmetic-slices-ii-subsequence	CLUSTER-flow	Type mismatch
as-far-from-land-as-possible	CLUSTER-synth	failed to synthesize instance of type class
balance-a-binary-search-tree	CLUSTER-appmismatch	Application type mismatch: The argument
best-meeting-point	CLUSTER-misc	Failed to infer type of binder `v`
best-position-for-a-service-centre	CLUSTER-flow	invalid reassignment, value has type
best-time-to-buy-and-sell-stock	CLUSTER-appmismatch	Application type mismatch: The argument
binary-tree-cameras	CLUSTER-flow	Type mismatch
binary-tree-coloring-game	CLUSTER-misc	Invalid field `left`: The environment does not contain `Option.left`, so it is not possible to proje
binary-tree-vertical-order-traversal	CLUSTER-synth	typeclass instance problem is stuck
bitwise-ors-of-subarrays	CLUSTER-flow	Invalid match expression: The type of pattern variable 'ans' contains metavariables:
bold-words-in-string	CLUSTER-appmismatch	Application type mismatch: The argument
boundary-of-binary-tree	CLUSTER-synth	failed to synthesize instance of type class
brace-expansion	CLUSTER-flow	Invalid match expression: The type of pattern variable 't' contains metavariables:
brace-expansion-ii	T8-method-optional-args	Function expected at
brightest-position-on-street	CLUSTER-synth	failed to synthesize instance of type class
buddy-strings	CLUSTER-synth	failed to synthesize instance of type class
build-a-matrix-with-conditions	CLUSTER-misc	Failed to infer type of binder `v`
campus-bikes	CLUSTER-appmismatch	Application type mismatch: The argument
campus-bikes-ii	CLUSTER-appmismatch	Application type mismatch: The argument
car-fleet	CLUSTER-flow	invalid reassignment, value has type
car-pooling	CLUSTER-misc	invalid binder name `Libraries.math.pyMathER`, it must be atomic
cat-and-mouse	CLUSTER-misc	Unknown identifier `CAT_TURN`
chalkboard-xor-game	CLUSTER-synth	failed to synthesize instance of type class
check-completeness-of-a-binary-tree	CLUSTER-misc	Invalid field `getD`: The environment does not contain `TreeNode.getD`, so it is not possible to pro
check-for-contradictions-in-equations	CLUSTER-appmismatch	Application type mismatch: The argument
check-if-move-is-legal	CLUSTER-synth	failed to synthesize instance of type class
check-if-one-string-swap-can-make-strings-equal	CLUSTER-appmismatch	Application type mismatch: The argument
check-if-there-is-a-path-with-equal-number-of-0s-and-1s	REGRESSION	Application type mismatch: The argument
check-if-there-is-a-valid-parentheses-string-path	CLUSTER-appmismatch	Application type mismatch: The argument
check-if-word-is-valid-after-substitutions	REGRESSION	failed to synthesize instance of type class
check-knight-tour-configuration	CLUSTER-appmismatch	Application type mismatch: The argument
cherry-pickup	CLUSTER-appmismatch	Application type mismatch: The argument
cherry-pickup-ii	CLUSTER-appmismatch	Application type mismatch: The argument
choose-edges-to-maximize-score-in-a-tree	CLUSTER-appmismatch	Application type mismatch: The argument
clone-binary-tree-with-random-pointer	CLUSTER-misc	Unknown identifier `anonymous`
closest-leaf-in-a-binary-tree	CLUSTER-synth	typeclass instance problem is stuck
closest-node-to-path-in-tree	CLUSTER-appmismatch	Application type mismatch: The argument
closest-prime-numbers-in-range	CLUSTER-appmismatch	Application type mismatch: The argument
coin-change	CLUSTER-appmismatch	Application type mismatch: The argument
collect-coins-in-a-tree	CLUSTER-appmismatch	Application type mismatch: The argument
complex-number-multiplication	CLUSTER-appmismatch	Application type mismatch: The argument
concatenated-words	CLUSTER-appmismatch	Application type mismatch: The argument
connecting-cities-with-minimum-cost	C1-closure-recursion	Unknown identifier `find`
construct-binary-search-tree-from-preorder-traversal	CLUSTER-flow	Type mismatch
construct-binary-tree-from-inorder-and-postorder-traversal	CLUSTER-appmismatch	Application type mismatch: The argument
construct-binary-tree-from-preorder-and-inorder-traversal	CLUSTER-appmismatch	Application type mismatch: The argument
construct-binary-tree-from-preorder-and-postorder-traversal	CLUSTER-appmismatch	Application type mismatch: The argument
construct-smallest-number-from-di-string	CLUSTER-synth	failed to synthesize instance of type class
continuous-subarrays	C4-library-gaps	Unknown identifier `SortedList`
convert-binary-number-in-a-linked-list-to-integer	CLUSTER-synth	failed to synthesize instance of type class
convert-sorted-array-to-binary-search-tree	CLUSTER-appmismatch	Application type mismatch: The argument
convert-sorted-list-to-binary-search-tree	CLUSTER-appmismatch	Application type mismatch: The argument
coordinate-with-maximum-network-quality	CLUSTER-synth	failed to synthesize instance of type class
count-artifacts-that-can-be-extracted	CLUSTER-appmismatch	Application type mismatch: The argument
count-good-nodes-in-binary-tree	CLUSTER-appmismatch	Application type mismatch: The argument
count-good-triplets-in-an-array	CLUSTER-synth	failed to synthesize instance of type class
count-k-subsequences-of-a-string-with-maximum-beauty	T8-method-optional-args	Function expected at
count-lattice-points-inside-a-circle	CLUSTER-appmismatch	Application type mismatch: The argument
count-number-of-possible-root-nodes	CLUSTER-synth	failed to synthesize instance of type class
count-number-of-special-subsequences	CLUSTER-synth	failed to synthesize instance of type class
count-of-smaller-numbers-after-self	CLUSTER-synth	failed to synthesize instance of type class
count-of-sub-multisets-with-bounded-sum	CLUSTER-appmismatch	Application type mismatch: The argument
count-pairs-of-nodes	CLUSTER-synth	failed to synthesize instance of type class
count-pairs-of-points-with-distance-k	CLUSTER-synth	failed to synthesize instance of type class
count-pairs-whose-sum-is-less-than-target	T7-kwarg-in-spine	Invalid argument name `hi` for function `bisect.pyBisectLeft`
count-pairs-with-xor-in-a-range	CLUSTER-appmismatch	Application type mismatch: The argument
count-prefix-and-suffix-pairs-ii	CLUSTER-flow	Type mismatch
count-special-integers	CLUSTER-synth	failed to synthesize instance of type class
count-subarrays-with-more-ones-than-zeros	CLUSTER-flow	Type mismatch
count-subtrees-with-max-distance-between-cities	CLUSTER-misc	`msk` cannot be mutated, only variables declared using `let mut` can be mutated. If you did not inte
count-symmetric-integers	CLUSTER-appmismatch	Application type mismatch: The argument
count-the-number-of-fair-pairs	T7-kwarg-in-spine	Invalid argument name `lo` for function `bisect.pyBisectLeft`
count-the-number-of-k-big-indices	CLUSTER-synth	failed to synthesize instance of type class
count-the-number-of-powerful-integers	CLUSTER-appmismatch	Application type mismatch: The argument
count-the-number-of-square-free-subsets	CLUSTER-synth	failed to synthesize instance of type class
count-the-number-of-substrings-with-dominant-ones	CLUSTER-synth	failed to synthesize instance of type class
count-unhappy-friends	CLUSTER-synth	failed to synthesize instance of type class
count-vowel-strings-in-ranges	CLUSTER-appmismatch	Application type mismatch: The argument
couples-holding-hands	C1-closure-recursion	Unknown identifier `find`
course-schedule-iii	CLUSTER-appmismatch	Application type mismatch: The argument
course-schedule-iv	CLUSTER-appmismatch	Application type mismatch: The argument
cousins-in-binary-tree	CLUSTER-flow	Invalid match expression: The type of pattern variable 'd1' contains metavariables:
cousins-in-binary-tree-ii	CLUSTER-synth	typeclass instance problem is stuck
deepest-leaves-sum	CLUSTER-misc	Unknown identifier `ans`
delete-n-nodes-after-m-nodes-of-a-linked-list	CLUSTER-synth	failed to synthesize instance of type class
delete-nodes-from-linked-list-present-in-array	T7-kwarg-in-spine	Invalid argument name `next` for function `ListNode.new`
delete-the-middle-node-of-a-linked-list	T7-kwarg-in-spine	Invalid argument name `next` for function `ListNode.new`
destination-city	CLUSTER-appmismatch	Application type mismatch: The argument
detect-cycles-in-2d-grid	CLUSTER-synth	failed to synthesize instance of type class
diagonal-traverse-ii	CLUSTER-synth	failed to synthesize instance of type class
display-table-of-food-orders-in-a-restaurant	CLUSTER-synth	failed to synthesize instance of type class
distinct-numbers-in-each-subarray	CLUSTER-flow	invalid reassignment, value has type
distribute-elements-into-two-arrays-ii	CLUSTER-flow	Type mismatch
divide-an-array-into-subarrays-with-minimum-cost-ii	C4-library-gaps	Unknown identifier `SortedList`
double-a-number-represented-as-a-linked-list	CLUSTER-flow	invalid reassignment, value has type
dungeon-game	CLUSTER-synth	failed to synthesize instance of type class
earliest-possible-day-of-full-bloom	CLUSTER-synth	failed to synthesize instance of type class
earliest-second-to-mark-indices-i	CLUSTER-appmismatch	Application type mismatch: The argument
egg-drop-with-2-eggs-and-n-floors	CLUSTER-appmismatch	Application type mismatch: The argument
elements-in-array-after-removing-and-replacing-elements	REGRESSION	Application type mismatch: The argument
encode-string-with-shortest-length	T8-method-optional-args	Function expected at
equal-rational-numbers	CLUSTER-appmismatch	Application type mismatch: The argument
escape-a-large-maze	CLUSTER-synth	failed to synthesize instance of type class
escape-the-ghosts	CLUSTER-appmismatch	Application type mismatch: The argument
evaluate-reverse-polish-notation	CLUSTER-misc	Unknown identifier `operator.add`
evaluate-the-bracket-pairs-of-a-string	CLUSTER-appmismatch	Application type mismatch: The argument
falling-squares	CLUSTER-flow	Type mismatch
filling-bookcase-shelves	REGRESSION	Application type mismatch: The argument
filter-restaurants-by-vegan-friendly-price-and-distance	CLUSTER-appmismatch	Application type mismatch: The argument
find-a-corresponding-node-of-a-binary-tree-in-a-clone-of-that-tree	CLUSTER-appmismatch	Application type mismatch: The argument
find-all-anagrams-in-a-string	CLUSTER-synth	failed to synthesize instance of type class
find-all-people-with-secret	CLUSTER-flow	invalid reassignment, value has type
find-all-the-lonely-nodes	CLUSTER-synth	failed to synthesize instance of type class
find-and-replace-in-string	T8-method-optional-args	Function expected at
find-array-given-subset-sums	C4-library-gaps	Unknown identifier `SortedList`
find-beautiful-indices-in-the-given-array-i	CLUSTER-synth	failed to synthesize instance of type class
find-beautiful-indices-in-the-given-array-ii	CLUSTER-synth	failed to synthesize instance of type class
find-building-where-alice-and-bob-can-meet	CLUSTER-flow	Type mismatch
find-closest-node-to-given-two-nodes	CLUSTER-appmismatch	Application type mismatch: The argument
find-edges-in-shortest-paths	CLUSTER-synth	failed to synthesize instance of type class
find-if-path-exists-in-graph	CLUSTER-synth	typeclass instance problem is stuck
find-k-length-substrings-with-no-repeated-characters	CLUSTER-appmismatch	Application type mismatch: The argument
find-k-pairs-with-smallest-sums	CLUSTER-appmismatch	Application type mismatch: The argument
find-mode-in-binary-search-tree	CLUSTER-appmismatch	Application type mismatch: The argument
find-nearest-point-that-has-the-same-x-or-y-coordinate	REGRESSION	Application type mismatch: The argument
find-nearest-right-node-in-binary-tree	CLUSTER-synth	failed to synthesize instance of type class
find-permutation	REGRESSION	failed to synthesize instance of type class
find-shortest-path-with-k-hops	CLUSTER-synth	failed to synthesize instance of type class
find-smallest-letter-greater-than-target	CLUSTER-appmismatch	Application type mismatch: The argument
find-the-city-with-the-smallest-number-of-neighbors-at-a-threshold-distance	CLUSTER-appmismatch	Application type mismatch: The argument
find-the-closest-marked-node	CLUSTER-appmismatch	Application type mismatch: The argument
find-the-count-of-numbers-which-are-not-special	CLUSTER-synth	failed to synthesize instance of type class
find-the-duplicate-number	CLUSTER-appmismatch	Application type mismatch: The argument
find-the-grid-of-region-average	CLUSTER-flow	Type mismatch
find-the-index-of-permutation	CLUSTER-flow	Type mismatch
find-the-kth-largest-integer-in-the-array	T7-kwarg-in-spine	Invalid argument name `key` for function `heapq.pyNlargest`
find-the-largest-area-of-square-inside-two-rectangles	CLUSTER-synth	failed to synthesize instance of type class
find-the-longest-valid-obstacle-course-at-each-position	CLUSTER-flow	Type mismatch
find-the-maximum-divisibility-score	CLUSTER-appmismatch	Application type mismatch: The argument
find-the-maximum-length-of-a-good-subsequence-ii	CLUSTER-flow	Type mismatch
find-the-maximum-number-of-elements-in-subset	CLUSTER-synth	failed to synthesize instance of type class
find-the-median-of-the-uniqueness-array	CLUSTER-flow	invalid reassignment, value has type
find-the-minimum-and-maximum-number-of-nodes-between-critical-points	CLUSTER-appmismatch	Application type mismatch: The argument
find-the-number-of-distinct-colors-among-the-balls	CLUSTER-flow	invalid reassignment, value has type
find-the-number-of-good-pairs-ii	CLUSTER-synth	failed to synthesize instance of type class
find-the-number-of-ways-to-place-people-i	CLUSTER-appmismatch	Application type mismatch: The argument
find-the-number-of-ways-to-place-people-ii	CLUSTER-appmismatch	Application type mismatch: The argument
find-the-safest-path-in-a-grid	CLUSTER-appmismatch	Application type mismatch: The argument
find-the-smallest-divisor-given-a-threshold	CLUSTER-appmismatch	Application type mismatch: The argument
find-the-string-with-lcp	CLUSTER-appmismatch	Application type mismatch: The argument
find-the-xor-of-numbers-which-appear-twice	CLUSTER-synth	failed to synthesize instance of type class
find-two-non-overlapping-sub-arrays-each-with-target-sum	CLUSTER-appmismatch	Application type mismatch: The argument
find-xor-beauty-of-array	CLUSTER-synth	failed to synthesize instance of type class
find-xor-sum-of-all-pairs-bitwise-and	CLUSTER-synth	failed to synthesize instance of type class
finding-the-number-of-visible-mountains	CLUSTER-appmismatch	Application type mismatch: The argument
first-bad-version	CLUSTER-misc	Unknown identifier `isBadVersion`
form-largest-integer-with-digits-that-add-up-to-target	CLUSTER-synth	failed to synthesize instance of type class
fraction-to-recurring-decimal	CLUSTER-synth	failed to synthesize instance of type class
freedom-trail	CLUSTER-synth	failed to synthesize instance of type class
fruit-into-baskets	CLUSTER-flow	invalid reassignment, value has type
gcd-sort-of-an-array	C1-closure-recursion	Unknown identifier `find`
graph-connectivity-with-threshold	CLUSTER-appmismatch	Application type mismatch: The argument
greatest-common-divisor-traversal	CLUSTER-synth	typeclass instance problem is stuck
greatest-sum-divisible-by-three	CLUSTER-synth	failed to synthesize instance of type class
grid-illumination	CLUSTER-appmismatch	Application type mismatch: The argument
group-the-people-given-the-group-size-they-belong-to	REGRESSION	failed to synthesize instance of type class
height-of-binary-tree-after-subtree-removal-queries	CLUSTER-synth	typeclass instance problem is stuck
height-of-special-binary-tree	CLUSTER-synth	failed to synthesize instance of type class
image-overlap	CLUSTER-synth	failed to synthesize instance of type class
increasing-order-search-tree	CLUSTER-misc	don't know how to synthesize implicit argument `α`
insert-greatest-common-divisors-in-linked-list	CLUSTER-appmismatch	Application type mismatch: The argument
insert-interval	T10-misc-quickwins	ambiguous identifier ``insert`, possible interpretations: [Insert.insert, insert]
insertion-sort-list	CLUSTER-synth	failed to synthesize instance of type class
intersection-of-two-linked-lists	CLUSTER-synth	failed to synthesize instance of type class
interval-list-intersections	CLUSTER-appmismatch	Application type mismatch: The argument
intervals-between-identical-elements	REGRESSION	failed to synthesize instance of type class
invalid-transactions	CLUSTER-appmismatch	Application type mismatch: The argument
jump-game-iv	CLUSTER-appmismatch	Application type mismatch: The argument
k-closest-points-to-origin	CLUSTER-appmismatch	Application type mismatch: The argument
k-empty-slots	CLUSTER-synth	failed to synthesize instance of type class
k-highest-ranked-items-within-a-price-range	CLUSTER-synth	failed to synthesize instance of type class
k-th-smallest-prime-fraction	CLUSTER-misc	Ambiguous term
koko-eating-bananas	CLUSTER-appmismatch	Application type mismatch: The argument
kth-smallest-amount-with-single-denomination-combination	CLUSTER-appmismatch	Application type mismatch: The argument
kth-smallest-product-of-two-sorted-arrays	T10-misc-quickwins	overloaded, errors
largest-bst-subtree	CLUSTER-flow	Type mismatch
largest-component-size-by-common-factor	CLUSTER-misc	Unknown constant `UnionFind.find`
largest-multiple-of-three	CLUSTER-synth	failed to synthesize instance of type class
largest-number-at-least-twice-of-others	CLUSTER-appmismatch	Application type mismatch: The argument
largest-sum-of-averages	CLUSTER-appmismatch	Application type mismatch: The argument
leaf-similar-trees	CLUSTER-synth	failed to synthesize instance of type class
length-of-the-longest-subsequence-that-sums-to-target	CLUSTER-appmismatch	Application type mismatch: The argument
letter-combinations-of-a-phone-number	CLUSTER-flow	Type mismatch
letter-tile-possibilities	CLUSTER-synth	failed to synthesize instance of type class
lexicographically-smallest-equivalent-string	REGRESSION	failed to synthesize instance of type class
line-reflection	CLUSTER-appmismatch	Application type mismatch: The argument
longest-common-suffix-queries	CLUSTER-flow	Type mismatch
longest-continuous-subarray-with-absolute-diff-less-than-or-equal-to-limit	C4-library-gaps	Unknown identifier `SortedList`
longest-happy-string	CLUSTER-appmismatch	Application type mismatch: The argument
longest-non-decreasing-subarray-from-two-arrays	CLUSTER-synth	failed to synthesize instance of type class
longest-substring-of-one-repeating-character	T10-misc-quickwins	ambiguous identifier ``max`, possible interpretations: [Max.max, max]
longest-substring-with-at-most-k-distinct-characters	CLUSTER-synth	failed to synthesize instance of type class
longest-substring-with-at-most-two-distinct-characters	CLUSTER-appmismatch	Application type mismatch: The argument
longest-univalue-path	REGRESSION	Application type mismatch: The argument
longest-word-in-dictionary	CLUSTER-flow	invalid reassignment, value has type
longest-word-with-all-prefixes	CLUSTER-flow	Type mismatch
lowest-common-ancestor-of-a-binary-tree-ii	CLUSTER-misc	Unknown identifier `TreeNode`
lowest-common-ancestor-of-deepest-leaves	CLUSTER-synth	failed to synthesize instance of type class
magnetic-force-between-two-balls	CLUSTER-appmismatch	Application type mismatch: The argument
make-array-strictly-increasing	CLUSTER-synth	failed to synthesize instance of type class
make-string-a-subsequence-using-cyclic-increments	CLUSTER-synth	failed to synthesize instance of type class
make-the-xor-of-all-segments-equal-to-zero	CLUSTER-flow	Type mismatch
making-a-large-island	CLUSTER-flow	Invalid match expression: The type of pattern variable 'cnt' contains metavariables:
making-file-names-unique	CLUSTER-appmismatch	Application type mismatch: The argument
max-dot-product-of-two-subsequences	CLUSTER-appmismatch	Application type mismatch: The argument
maximize-consecutive-elements-in-an-array-after-modification	CLUSTER-flow	Type mismatch
maximize-distance-to-closest-person	CLUSTER-synth	failed to synthesize instance of type class
maximize-number-of-nice-divisors	T8-method-optional-args	Function expected at
maximize-the-profit-as-the-salesman	CLUSTER-appmismatch	Application type mismatch: The argument
maximum-average-pass-ratio	CLUSTER-appmismatch	Application type mismatch: The argument
maximum-average-subarray-ii	CLUSTER-flow	invalid reassignment, value has type
maximum-average-subtree	CLUSTER-appmismatch	Application type mismatch: The argument
maximum-balanced-subsequence-sum	CLUSTER-flow	Type mismatch
maximum-binary-tree	CLUSTER-flow	Type mismatch
maximum-coins-heroes-can-collect	T7-kwarg-in-spine	Invalid argument name `key` for function `bisect.pyBisectRight`
maximum-cost-of-trip-with-k-highways	CLUSTER-appmismatch	Application type mismatch: The argument
maximum-difference-score-in-a-grid	REGRESSION	Application type mismatch: The argument
maximum-earnings-from-taxi	CLUSTER-appmismatch	Application type mismatch: The argument
maximum-elegance-of-a-k-length-subsequence	CLUSTER-appmismatch	Application type mismatch: The argument
maximum-fruits-harvested-after-at-most-k-steps	REGRESSION	Application type mismatch: The argument
maximum-gap	CLUSTER-synth	failed to synthesize instance of type class
maximum-genetic-difference-query	CLUSTER-flow	Type mismatch
maximum-length-of-pair-chain	CLUSTER-appmismatch	Application type mismatch: The argument
maximum-length-of-semi-decreasing-subarrays	CLUSTER-appmismatch	Application type mismatch: The argument
maximum-level-sum-of-a-binary-tree	CLUSTER-misc	Unknown identifier `ans`
maximum-number-of-achievable-transfer-requests	REGRESSION	Application type mismatch: The argument
maximum-number-of-darts-inside-of-a-circular-dartboard	CLUSTER-appmismatch	Application type mismatch: The argument
maximum-number-of-events-that-can-be-attended-ii	CLUSTER-appmismatch	Application type mismatch: The argument
maximum-number-of-groups-entering-a-competition	T7-kwarg-in-spine	Invalid argument name `key` for function `bisect.pyBisectRight`
maximum-number-of-intersections-on-the-chart	CLUSTER-synth	failed to synthesize instance of type class
maximum-number-of-jumps-to-reach-the-last-index	CLUSTER-appmismatch	Application type mismatch: The argument
maximum-number-of-points-with-cost	CLUSTER-flow	invalid reassignment, value has type
maximum-number-of-visible-points	CLUSTER-appmismatch	Application type mismatch: The argument
maximum-performance-of-a-team	CLUSTER-appmismatch	Application type mismatch: The argument
maximum-points-inside-the-square	CLUSTER-synth	failed to synthesize instance of type class
maximum-price-to-fill-a-bag	CLUSTER-appmismatch	Application type mismatch: The argument
maximum-prime-difference	CLUSTER-misc	Failed to infer type of binder `i`
maximum-profit-in-job-scheduling	CLUSTER-synth	failed to synthesize instance of type class
maximum-profitable-triplets-with-increasing-prices-ii	REGRESSION	failed to synthesize instance of type class
maximum-rows-covered-by-columns	T10-misc-quickwins	Unknown identifier `or_`
maximum-score-after-applying-operations-on-a-tree	CLUSTER-flow	Type mismatch
maximum-score-of-a-node-sequence	T7-kwarg-in-spine	Invalid argument name `key` for function `heapq.pyNlargest`
maximum-score-words-formed-by-letters	CLUSTER-synth	failed to synthesize instance of type class
maximum-square-area-by-removing-fences-from-a-field	CLUSTER-appmismatch	Application type mismatch: The argument
maximum-strength-of-k-disjoint-subarrays	CLUSTER-synth	failed to synthesize instance of type class
maximum-strong-pair-xor-ii	CLUSTER-flow	Type mismatch
maximum-students-taking-exam	CLUSTER-synth	typeclass instance problem is stuck
maximum-sum-bst-in-binary-tree	CLUSTER-flow	Type mismatch
maximum-sum-circular-subarray	CLUSTER-appmismatch	Application type mismatch: The argument
maximum-sum-of-3-non-overlapping-subarrays	CLUSTER-flow	invalid reassignment, value has type
maximum-sum-of-almost-unique-subarray	CLUSTER-flow	invalid reassignment, value has type
maximum-sum-of-distinct-subarrays-with-length-k	CLUSTER-flow	invalid reassignment, value has type
maximum-sum-queries	CLUSTER-flow	Type mismatch
maximum-total-damage-with-spell-casting	CLUSTER-synth	typeclass instance problem is stuck
maximum-units-on-a-truck	CLUSTER-synth	failed to synthesize instance of type class
maximum-vacation-days	CLUSTER-synth	failed to synthesize instance of type class
maximum-white-tiles-covered-by-a-carpet	REGRESSION	Application type mismatch: The argument
maximum-width-of-binary-tree	CLUSTER-synth	failed to synthesize instance of type class
maximum-xor-after-operations	T10-misc-quickwins	Unknown identifier `or_`
maximum-xor-for-each-query	CLUSTER-synth	failed to synthesize instance of type class
maximum-xor-of-two-non-overlapping-subtrees	CLUSTER-appmismatch	Application type mismatch: The argument
maximum-xor-of-two-numbers-in-an-array	CLUSTER-flow	Type mismatch
maximum-xor-with-an-element-from-array	CLUSTER-flow	Type mismatch
meeting-rooms-ii	CLUSTER-misc	invalid binder name `Libraries.math.pyMathER`, it must be atomic
merge-in-between-linked-lists	CLUSTER-flow	invalid reassignment, value has type
merge-k-sorted-lists	T10-misc-quickwins	Unknown identifier `setattr`
merge-nodes-in-between-zeros	CLUSTER-flow	invalid reassignment, value has type
merge-similar-items	CLUSTER-appmismatch	Application type mismatch: The argument
merge-strings-alternately	CLUSTER-appmismatch	Application type mismatch: The argument
middle-of-the-linked-list	CLUSTER-synth	failed to synthesize instance of type class
min-cost-to-connect-all-points	CLUSTER-appmismatch	Application type mismatch: The argument
minimize-hamming-distance-after-swap-operations	C1-closure-recursion	Unknown identifier `find`
minimize-manhattan-distances	C4-library-gaps	Unknown identifier `SortedList`
minimize-max-distance-to-gas-station	CLUSTER-appmismatch	Application type mismatch: The argument
minimize-maximum-pair-sum-in-array	CLUSTER-synth	failed to synthesize instance of type class
minimize-result-by-adding-parentheses-to-expression	CLUSTER-flow	Invalid match expression: The type of pattern variable 'ans' contains metavariables:
minimize-rounding-error-to-meet-target	CLUSTER-appmismatch	Application type mismatch: The argument
minimize-the-maximum-difference-of-pairs	CLUSTER-appmismatch	Application type mismatch: The argument
minimum-absolute-difference-between-elements-with-constraint	C4-library-gaps	Unknown identifier `SortedList`
minimum-area-rectangle	CLUSTER-synth	failed to synthesize instance of type class
minimum-area-rectangle-ii	CLUSTER-appmismatch	Application type mismatch: The argument
minimum-changes-to-make-k-semi-palindromes	CLUSTER-synth	failed to synthesize instance of type class
minimum-cost-of-a-path-with-special-roads	CLUSTER-appmismatch	Application type mismatch: The argument
minimum-cost-to-buy-apples	CLUSTER-appmismatch	Application type mismatch: The argument
minimum-cost-to-change-the-final-value-of-expression	CLUSTER-synth	failed to synthesize instance of type class
minimum-cost-to-connect-two-groups-of-points	CLUSTER-synth	failed to synthesize instance of type class
minimum-cost-to-convert-string-i	CLUSTER-synth	failed to synthesize instance of type class
minimum-cost-to-convert-string-ii	CLUSTER-flow	Type mismatch
minimum-cost-to-hire-k-workers	CLUSTER-appmismatch	Application type mismatch: The argument
minimum-cost-to-make-array-equalindromic	CLUSTER-misc	don't know how to synthesize implicit argument `α`
minimum-cost-to-merge-stones	CLUSTER-synth	failed to synthesize instance of type class
minimum-cost-to-reach-city-with-discounts	CLUSTER-synth	failed to synthesize instance of type class
minimum-cost-to-reach-destination-in-time	CLUSTER-synth	failed to synthesize instance of type class
minimum-cost-tree-from-leaf-values	CLUSTER-appmismatch	Application type mismatch: The argument
minimum-cost-walk-in-weighted-graph	CLUSTER-appmismatch	Application type mismatch: The argument
minimum-cuts-to-divide-a-circle	REGRESSION	Application type mismatch: The argument
minimum-degree-of-a-connected-trio-in-a-graph	T10-misc-quickwins	ambiguous identifier ``min`, possible interpretations: [Min.min, min]
minimum-difficulty-of-a-job-schedule	CLUSTER-appmismatch	Application type mismatch: The argument
minimum-distance-to-type-a-word-using-two-fingers	CLUSTER-synth	failed to synthesize instance of type class
minimum-domino-rotations-for-equal-row	CLUSTER-synth	failed to synthesize instance of type class
minimum-edge-weight-equilibrium-queries-in-a-tree	CLUSTER-synth	failed to synthesize instance of type class
minimum-index-of-a-valid-split	CLUSTER-appmismatch	Application type mismatch: The argument
minimum-initial-energy-to-finish-tasks	CLUSTER-appmismatch	Application type mismatch: The argument
minimum-interval-to-include-each-query	CLUSTER-synth	failed to synthesize instance of type class
minimum-jumps-to-reach-home	CLUSTER-flow	mutable variable `k` cannot be shadowed
minimum-limit-of-balls-in-a-bag	CLUSTER-appmismatch	Application type mismatch: The argument
minimum-lines-to-represent-a-line-chart	REGRESSION	Application type mismatch: The argument
minimum-money-required-before-transactions	CLUSTER-appmismatch	Application type mismatch: The argument
minimum-moves-to-move-a-box-to-their-target-location	CLUSTER-flow	mutable variable `b` cannot be shadowed
minimum-moves-to-pick-k-ones	CLUSTER-synth	typeclass instance problem is stuck
minimum-number-of-arrows-to-burst-balloons	CLUSTER-appmismatch	Application type mismatch: The argument
minimum-number-of-days-to-make-m-bouquets	CLUSTER-appmismatch	Application type mismatch: The argument
minimum-number-of-frogs-croaking	CLUSTER-appmismatch	Application type mismatch: The argument
minimum-number-of-operations-to-make-array-xor-equal-to-k	CLUSTER-synth	failed to synthesize instance of type class
minimum-number-of-operations-to-satisfy-conditions	CLUSTER-synth	failed to synthesize instance of type class
minimum-number-of-vertices-to-reach-all-nodes	CLUSTER-appmismatch	Application type mismatch: The argument
minimum-operations-to-halve-array-sum	CLUSTER-flow	Type mismatch
minimum-operations-to-make-a-subsequence	CLUSTER-flow	Type mismatch
minimum-path-cost-in-a-grid	CLUSTER-flow	invalid reassignment, value has type
minimum-score-after-removals-on-a-tree	CLUSTER-flow	Invalid match expression: The type of pattern variable 's1' contains metavariables:
minimum-skips-to-arrive-at-meeting-on-time	CLUSTER-synth	failed to synthesize instance of type class
minimum-space-wasted-from-packaging	T7-kwarg-in-spine	Invalid argument name `lo` for function `bisect.pyBisectRight`
minimum-speed-to-arrive-on-time	CLUSTER-appmismatch	Application type mismatch: The argument
minimum-sum-of-mountain-triplets-i	CLUSTER-appmismatch	Application type mismatch: The argument
minimum-sum-of-mountain-triplets-ii	CLUSTER-appmismatch	Application type mismatch: The argument
minimum-sum-of-squared-difference	CLUSTER-synth	failed to synthesize instance of type class
minimum-time-takes-to-reach-destination-without-drowning	CLUSTER-synth	failed to synthesize instance of type class
minimum-time-to-complete-all-tasks	CLUSTER-appmismatch	Application type mismatch: The argument
minimum-time-to-complete-trips	T7-kwarg-in-spine	Invalid argument name `key` for function `bisect.pyBisectLeft`
minimum-time-to-finish-the-race	CLUSTER-synth	failed to synthesize instance of type class
minimum-time-to-make-array-sum-at-most-x	CLUSTER-appmismatch	Application type mismatch: The argument
minimum-time-to-repair-cars	CLUSTER-appmismatch	Application type mismatch: The argument
minimum-time-to-revert-word-to-initial-state-ii	CLUSTER-flow	Type mismatch
minimum-time-to-visit-a-cell-in-a-grid	CLUSTER-synth	failed to synthesize instance of type class
minimum-time-to-visit-disappearing-nodes	CLUSTER-appmismatch	Application type mismatch: The argument
minimum-total-space-wasted-with-k-resizing-operations	CLUSTER-synth	failed to synthesize instance of type class
minimum-unique-word-abbreviation	CLUSTER-synth	failed to synthesize instance of type class
minimum-weighted-subgraph-with-the-required-paths	CLUSTER-appmismatch	Application type mismatch: The argument
minimum-xor-sum-of-two-arrays	CLUSTER-synth	failed to synthesize instance of type class
missing-number	CLUSTER-synth	failed to synthesize instance of type class
most-frequent-ids	CLUSTER-synth	failed to synthesize instance of type class
most-frequent-prime	CLUSTER-misc	Failed to infer type of binder `i`
most-frequent-subtree-sum	CLUSTER-synth	typeclass instance problem is stuck
most-stones-removed-with-same-row-or-column	REGRESSION	Application type mismatch: The argument
movement-of-robots	CLUSTER-flow	invalid reassignment, value has type
neighboring-bitwise-xor	CLUSTER-synth	failed to synthesize instance of type class
network-delay-time	CLUSTER-appmismatch	Application type mismatch: The argument
next-greater-element-iii	REGRESSION	failed to synthesize instance of type class
non-decreasing-array	CLUSTER-misc	Failed to infer type of binder `b`
non-overlapping-intervals	CLUSTER-appmismatch	Application type mismatch: The argument
nth-magical-number	T7-kwarg-in-spine	Invalid argument name `key` for function
number-of-adjacent-elements-with-the-same-color	REGRESSION	Application type mismatch: The argument
number-of-arithmetic-triplets	CLUSTER-appmismatch	Application type mismatch: The argument
number-of-atoms	CLUSTER-flow	Type mismatch
number-of-beautiful-integers-in-the-range	CLUSTER-appmismatch	Application type mismatch: The argument
number-of-black-blocks	CLUSTER-synth	failed to synthesize instance of type class
number-of-boomerangs	CLUSTER-synth	failed to synthesize instance of type class
number-of-burgers-with-no-waste-of-ingredients	REGRESSION	Application type mismatch: The argument
number-of-corner-rectangles	CLUSTER-synth	failed to synthesize instance of type class
number-of-days-between-two-dates	CLUSTER-appmismatch	Application type mismatch: The argument
number-of-distinct-islands-ii	CLUSTER-appmismatch	Application type mismatch: The argument
number-of-divisible-substrings	CLUSTER-synth	failed to synthesize instance of type class
number-of-flowers-in-full-bloom	CLUSTER-appmismatch	Application type mismatch: The argument
number-of-good-paths	REGRESSION	Type mismatch
number-of-good-ways-to-split-a-string	CLUSTER-appmismatch	Application type mismatch: The argument
number-of-longest-increasing-subsequence	CLUSTER-misc	`ans` cannot be mutated, only variables declared using `let mut` can be mutated. If you did not inte
number-of-nodes-in-the-sub-tree-with-the-same-label	CLUSTER-flow	Invalid match expression: The type of pattern variable 'cnt' contains metavariables:
number-of-pairs-of-interchangeable-rectangles	CLUSTER-synth	failed to synthesize instance of type class
number-of-pairs-satisfying-inequality	CLUSTER-synth	failed to synthesize instance of type class
number-of-possible-sets-of-closing-branches	CLUSTER-synth	failed to synthesize instance of type class
number-of-restricted-paths-from-first-to-last-node	CLUSTER-synth	typeclass instance problem is stuck
number-of-same-end-substrings	REGRESSION	Type mismatch
number-of-unique-flavors-after-sharing-k-candies	CLUSTER-flow	invalid reassignment, value has type
number-of-valid-words-in-a-sentence	CLUSTER-synth	failed to synthesize instance of type class
number-of-ways-to-arrive-at-destination	CLUSTER-synth	failed to synthesize instance of type class
number-of-ways-to-build-sturdy-brick-wall	CLUSTER-synth	failed to synthesize instance of type class
number-of-ways-to-split-a-string	CLUSTER-appmismatch	Application type mismatch: The argument
number-of-ways-where-square-of-number-is-equal-to-product-of-two-numbers	CLUSTER-misc	Unknown identifier `Counter`
numbers-with-repeated-digits	CLUSTER-synth	failed to synthesize instance of type class
odd-even-linked-list	CLUSTER-misc	Invalid field `next`: The environment does not contain `Option.next`, so it is not possible to proje
open-the-lock	CLUSTER-flow	mutable variable `s` cannot be shadowed
optimal-account-balancing	CLUSTER-synth	failed to synthesize instance of type class
paint-house-iii	CLUSTER-appmismatch	Application type mismatch: The argument
palindrome-number	CLUSTER-synth	failed to synthesize instance of type class
partition-array-into-disjoint-intervals	CLUSTER-appmismatch	Application type mismatch: The argument
partition-list	CLUSTER-flow	invalid reassignment, value has type
partition-string-into-minimum-beautiful-substrings	CLUSTER-appmismatch	Application type mismatch: The argument
path-with-maximum-probability	CLUSTER-synth	failed to synthesize instance of type class
paths-in-maze-that-lead-to-same-room	CLUSTER-appmismatch	Application type mismatch: The argument
peaks-in-array	CLUSTER-flow	Type mismatch
perfect-rectangle	CLUSTER-synth	failed to synthesize instance of type class
perfect-squares	CLUSTER-synth	failed to synthesize instance of type class
perform-string-shifts	CLUSTER-appmismatch	Application type mismatch: The argument
plates-between-candles	REGRESSION	Application type mismatch: The argument
plus-one-linked-list	CLUSTER-misc	`target.val` cannot be mutated, only variables declared using `let mut` can be mutated. If you did n
pour-water-between-buckets-to-make-water-levels-equal	CLUSTER-flow	invalid reassignment, value has type
prime-in-diagonal	CLUSTER-misc	Failed to infer type of binder `i`
prison-cells-after-n-days	CLUSTER-misc	Unknown identifier `firstDayCells`
probability-of-a-two-boxes-having-the-same-number-of-distinct-balls	CLUSTER-flow	invalid reassignment, value has type
pyramid-transition-matrix	CLUSTER-synth	failed to synthesize instance of type class
queens-that-can-attack-the-king	CLUSTER-appmismatch	Application type mismatch: The argument
query-kth-smallest-trimmed-number	CLUSTER-synth	failed to synthesize instance of type class
queue-reconstruction-by-height	CLUSTER-appmismatch	Application type mismatch: The argument
rank-transform-of-a-matrix	CLUSTER-synth	failed to synthesize instance of type class
reachable-nodes-in-subdivided-graph	CLUSTER-appmismatch	Application type mismatch: The argument
recover-a-tree-from-preorder-traversal	CLUSTER-appmismatch	Application type mismatch: The argument
remove-all-adjacent-duplicates-in-string-ii	CLUSTER-synth	failed to synthesize instance of type class
remove-all-occurrences-of-a-substring	T8-method-optional-args	Function expected at
remove-covered-intervals	CLUSTER-appmismatch	Application type mismatch: The argument
remove-duplicates-from-an-unsorted-linked-list	CLUSTER-synth	failed to synthesize instance of type class
remove-duplicates-from-sorted-list-ii	T7-kwarg-in-spine	Invalid argument name `next` for function `ListNode.new`
remove-linked-list-elements	CLUSTER-misc	Invalid field `val`: The environment does not contain `Option.val`, so it is not possible to project
remove-nodes-from-linked-list	CLUSTER-flow	invalid reassignment, value has type
remove-nth-node-from-end-of-list	T7-kwarg-in-spine	Invalid argument name `next` for function `ListNode.new`
remove-zero-sum-consecutive-nodes-from-linked-list	T7-kwarg-in-spine	Invalid argument name `next` for function `ListNode.new`
reorder-data-in-log-files	T8-method-optional-args	Function expected at
reorder-list	CLUSTER-misc	Invalid field `next`: The environment does not contain `Option.next`, so it is not possible to proje
reorder-routes-to-make-all-paths-lead-to-the-city-zero	CLUSTER-misc	Unknown identifier `b`
reorganize-string	CLUSTER-synth	failed to synthesize instance of type class
repeated-substring-pattern	T8-method-optional-args	Function expected at
replace-all-digits-with-characters	CLUSTER-flow	mutable variable `s` cannot be shadowed
replace-all-s-to-avoid-consecutive-repeating-characters	CLUSTER-flow	mutable variable `s` cannot be shadowed
replace-words	CLUSTER-flow	invalid reassignment, value has type
reverse-linked-list	CLUSTER-synth	failed to synthesize instance of type class
reverse-linked-list-ii	CLUSTER-flow	invalid reassignment, value has type
reverse-nodes-in-even-length-groups	CLUSTER-synth	failed to synthesize instance of type class
reverse-nodes-in-k-group	T7-kwarg-in-spine	Invalid argument name `next` for function `ListNode.new`
reverse-pairs	REGRESSION	Application type mismatch: The argument
reverse-string-ii	CLUSTER-synth	failed to synthesize instance of type class
reward-top-k-students	CLUSTER-appmismatch	Application type mismatch: The argument
rotate-function	CLUSTER-synth	failed to synthesize instance of type class
rotate-list	CLUSTER-misc	Invalid field `next`: The environment does not contain `Option.next`, so it is not possible to proje
russian-doll-envelopes	CLUSTER-appmismatch	Application type mismatch: The argument
satisfiability-of-equality-equations	C1-closure-recursion	Unknown identifier `find`
second-minimum-time-to-reach-destination	CLUSTER-synth	failed to synthesize instance of type class
selling-pieces-of-wood	CLUSTER-appmismatch	Application type mismatch: The argument
sentence-similarity	CLUSTER-appmismatch	Application type mismatch: The argument
sentence-similarity-ii	C1-closure-recursion	Unknown identifier `find`
set-intersection-size-at-least-two	CLUSTER-appmismatch	Application type mismatch: The argument
shifting-letters	CLUSTER-flow	mutable variable `s` cannot be shadowed
shopping-offers	CLUSTER-misc	Failed to infer type of binder `i`
shortest-completing-word	CLUSTER-synth	failed to synthesize instance of type class
shortest-cycle-in-a-graph	CLUSTER-appmismatch	Application type mismatch: The argument
shortest-distance-to-target-color	CLUSTER-synth	failed to synthesize instance of type class
shortest-path-with-alternating-colors	CLUSTER-synth	failed to synthesize instance of type class
shortest-string-that-contains-three-strings	CLUSTER-flow	mutable variable `a` cannot be shadowed
shortest-subarray-to-be-removed-to-make-array-sorted	T7-kwarg-in-spine	Invalid argument name `lo` for function `bisect.pyBisectLeft`
shuffle-string	CLUSTER-synth	failed to synthesize instance of type class
single-number	CLUSTER-synth	failed to synthesize instance of type class
single-number-iii	CLUSTER-synth	failed to synthesize instance of type class
smallest-range-covering-elements-from-k-lists	CLUSTER-synth	failed to synthesize instance of type class
smallest-subtree-with-all-the-deepest-nodes	CLUSTER-synth	failed to synthesize instance of type class
solve-the-equation	CLUSTER-appmismatch	Application type mismatch: The argument
sort-an-array	CLUSTER-misc	Unknown identifier `randint`
sort-characters-by-frequency	CLUSTER-synth	failed to synthesize instance of type class
sorting-the-sentence	CLUSTER-synth	failed to synthesize instance of type class
soup-servings	CLUSTER-appmismatch	Application type mismatch: The argument
special-array-ii	CLUSTER-appmismatch	Application type mismatch: The argument
squirrel-simulation	CLUSTER-appmismatch	Application type mismatch: The argument
statistics-from-a-large-sample	T10-misc-quickwins	overloaded, errors
step-by-step-directions-from-a-binary-tree-node-to-another	CLUSTER-synth	failed to synthesize instance of type class
stone-game-v	T10-misc-quickwins	ambiguous identifier ``max`, possible interpretations: [Max.max, max]
strange-printer	CLUSTER-synth	failed to synthesize instance of type class
string-compression-ii	CLUSTER-appmismatch	Application type mismatch: The argument
strobogrammatic-number-ii	CLUSTER-synth	failed to synthesize instance of type class
strobogrammatic-number-iii	CLUSTER-synth	failed to synthesize instance of type class
subarrays-with-k-different-integers	CLUSTER-flow	invalid reassignment, value has type
substring-with-largest-variance	CLUSTER-appmismatch	Application type mismatch: The argument
substring-xor-queries	CLUSTER-appmismatch	Application type mismatch: The argument
successful-pairs-of-spells-and-potions	CLUSTER-appmismatch	Application type mismatch: The argument
sum-of-nodes-with-even-valued-grandparent	CLUSTER-appmismatch	Application type mismatch: The argument
sum-of-prefix-scores-of-strings	CLUSTER-flow	Type mismatch
super-palindromes	CLUSTER-misc	don't know how to synthesize implicit argument `α`
swim-in-rising-water	C1-closure-recursion	Unknown identifier `find`
the-earliest-and-latest-rounds-where-players-compete	CLUSTER-appmismatch	Application type mismatch: The argument
the-earliest-moment-when-everyone-become-friends	C1-closure-recursion	Unknown identifier `find`
the-latest-time-to-catch-a-bus	CLUSTER-misc	Unknown identifier `c`
the-maze-ii	CLUSTER-appmismatch	Application type mismatch: The argument
the-maze-iii	CLUSTER-synth	failed to synthesize instance of type class
the-most-similar-path-in-a-graph	CLUSTER-flow	Type mismatch
the-number-of-beautiful-subsets	CLUSTER-synth	typeclass instance problem is stuck
the-number-of-good-subsets	CLUSTER-synth	failed to synthesize instance of type class
the-number-of-weak-characters-in-the-game	CLUSTER-appmismatch	Application type mismatch: The argument
time-to-cross-a-bridge	CLUSTER-appmismatch	Application type mismatch: The argument
transform-to-chessboard	CLUSTER-appmismatch	Application type mismatch: The argument
tree-of-coprimes	CLUSTER-flow	Invalid match expression: The type of pattern variable 'stks' contains metavariables:
two-best-non-overlapping-events	CLUSTER-appmismatch	Application type mismatch: The argument
two-city-scheduling	CLUSTER-appmismatch	Application type mismatch: The argument
two-sum-bsts	CLUSTER-synth	typeclass instance problem is stuck
two-sum-ii-input-array-is-sorted	T7-kwarg-in-spine	Invalid argument name `lo` for function `bisect.pyBisectLeft`
two-sum-less-than-k	T7-kwarg-in-spine	Invalid argument name `lo` for function `bisect.pyBisectLeft`
ugly-number-iii	T8-method-optional-args	Function expected at
uncommon-words-from-two-sentences	CLUSTER-synth	failed to synthesize instance of type class
unique-paths-iii	CLUSTER-appmismatch	Application type mismatch: The argument
valid-perfect-square	T7-kwarg-in-spine	Invalid argument name `key` for function `bisect.pyBisectLeft`
valid-square	CLUSTER-appmismatch	Application type mismatch: The argument
valid-triangle-number	T7-kwarg-in-spine	Invalid argument name `lo` for function `bisect.pyBisectLeft`
validate-binary-tree-nodes	C1-closure-recursion	Unknown identifier `find`
vowel-spellchecker	CLUSTER-synth	failed to synthesize instance of type class
walking-robot-simulation	CLUSTER-appmismatch	Application type mismatch: The argument
word-abbreviation	CLUSTER-flow	Type mismatch
word-break-ii	CLUSTER-appmismatch	Application type mismatch: The argument
word-ladder	CLUSTER-flow	invalid reassignment, value has type
word-pattern-ii	CLUSTER-appmismatch	Application type mismatch: The argument
word-search-ii	CLUSTER-flow	invalid reassignment, value has type
xor-operation-in-an-array	CLUSTER-synth	failed to synthesize instance of type class
xor-queries-of-a-subarray	CLUSTER-appmismatch	Application type mismatch: The argument
zigzag-conversion	CLUSTER-synth	failed to synthesize instance of type class
